Index,Customer Id,First Name,Last Name,Company,City,Phone 1,Phone 2,Email,Subscription Date,Website
1,DD37Cf93aecA6Dc,Santosh,Bhosale,Rasmussen Group,Mumbai,229.077.5154,397.884.0519x718,zunigavanessa@smith.info,24-08-2020,http://www.stephenson.com/
2,1Ef7b82A4CAAD10,Prashant,Lad,Vega-Gentry,Churchgate,5153435776,686-620-1820x944,vmata@colon.com,23-04-2021,http://www.hobbs.com/
3,6F94879bDAfE5a6,Rohit,Bhosale,Murillo-Perry,Andheri,1-539-402-259,(496)978-3969x58947,beckycarr@hogan.com,25-03-2020,http://www.lawrence.com/
4,5Cef8BFA16c5e3c,Laxmi,Oval,"Dominguez, Mcmillan and Donovan",Masjid,001-808-617-6467x12895,1-813-324-8756,stanleyblackwell@benson.org,02-06-2020,http://www.good-lyons.com/
5,053d585Ab6b3159,Jagannath,Bendre,"Martin, Lang and Andrade",Worli,001-234-203-0635x76146,001-199-446-3860x3486,colinalvarado@miles.net,17-04-2021,https://goodwin-ingram.com/
6,2d08FB17EE273F4,Akshay,Deshmukh,Steele Group,Churchgate,(283)437-3886x88321,999-728-1637,louis27@gilbert.com,25-02-2020,http://www.berger.net/
7,EA4d384DfDbBf77,Dinanath,Parab,"Lester, Woodard and Mitchell",Lalbaug,(496)452-6181x3291,+1-247-266-0963x4995,tgates@cantrell.com,24-08-2021,https://www.le.com/
8,0e04AFde9f225dE,Bharat,Munde,"Sanford, Davenport and Giles",Kalamboli,001-583-352-7197x297,001-333-145-0369,asnow@colon.com,12-04-2021,https://hammond-ramsey.com/
9,C2dE4dEEc489ae0,Shailesh,Mohite,Browning-Simon,RayRoad,854-138-4911x5772,+1-448-910-2276x729,mariokhan@ryan-pope.org,13-01-2020,https://www.bullock.net/
10,8C2811a503C7c5a,Madan,Gogavale,Beck-Hendrix,Mahalaxmi,739.218.2516x459,001-054-401-0347x617,mdyer@escobar.net,08-11-2021,https://arias.com/
11,216E205d6eBb815,Chandrakant,Sakpal,"Oconnell, Meza and Everett",Prabhadevi,637-854-0256x825,114.336.0784x788,kirksalas@webb.com,20-10-2021,https://simmons-hurley.com/
12,CEDec94deE6d69B,Jyoti,Deshpande,"Hoffman, Reed and Mcclain",Chunabhatti,(041)737-3846,+1-556-888-3485x42608,mark42@robbins.com,29-11-2020,http://www.douglas.net/
13,e35426EbDEceaFF,Tukaram,Mahavat,Graham-Francis,Sealink,001-949-844-8787,(855)713-8773,alex56@walls.org,02-12-2021,http://www.beck.com/
14,A08A8aF8BE9FaD4,Krishna,Chavan,Carpenter-Cook,Jogeshwari,786-284-3358x62152,+1-315-627-1796x8074,holdenmiranda@clarke.com,08-02-2021,https://www.brandt.com/
15,6fEaA1b7cab7B6C,Favad,Lote,Carter-Hancock,Bandra,(781)861-7180x8306,207-185-3665,cassieparrish@blevins-chapman.net,26-01-2022,http://stevenson.org/
16,8cad0b4CBceaeec,Mira,Bansode,Singleton and Sons,Dahisar,540.085.3135x185,+1-600-462-6432x21881,vduncan@parks-hardy.com,12-04-2022,http://acosta.org/
17,a5DC21AE3a21eaA,Chima,Fukate,Winters-Mendoza,Mira Road,936.222.4746x9924,001-469-948-6341x359,holtgwendolyn@watson-davenport.com,10-03-2021,http://www.benson-roth.com/
18,F8Aa9d6DfcBeeF8,Gajanan,Mane,Valentine LLC,Bhivandi,(701)087-2415,(195)156-1861x26241,jaredjuarez@carroll.org,26-03-2022,http://pitts-cherry.com/
19,F160f5Db3EfE973,Chiranjeevi,Jogale,Simon LLC,Vashi,001-151-330-3524x0469,(748)477-7174,joseph26@jacobson.com,24-09-2020,https://mcconnell.com/
20,0F60FF3DdCd7aB0,Janardan,Kamat,Mays-Mccormick,Thane,(266)131-7001x711,(283)312-5579x11543,tuckerangie@salazar.net,24-09-2021,https://www.camacho.net/